{
  "finalStatistics": [
    {
      "alghorithmName": "ssd",
      "mAP": 0.7448261761084632,
      "recall": 0.5107065415204949,
      "precision": 0.7915582156861223,
      "time": 48.60907697677612
    }
  ]
}