{
  "finalStatistics": [
    {
      "alghorithmName": "maskRCNN",
      "mAP": 0.8336879216428553,
      "recall": 0.8364668600133717,
      "precision": 0.9698962213497097,
      "time": 487.59010100364685
    }
  ]
}