{
  "finalStatistics": [
    {
      "alghorithmName": "ssd",
      "mAP": 0.7400242906823101,
      "recall": 0.5729742479742483,
      "precision": 0.6856724348003417,
      "time": 46.91956686973572
    }
  ]
}