{
  "finalStatistics": [
    {
      "alghorithmName": "yolo",
      "mAP": 0.668021187250024,
      "recall": 0.9601825500081309,
      "precision": 0.863827838827838,
      "time": 48.59734797477722
    }
  ]
}