{
  "finalStatistics": [
    {
      "alghorithmName": "maskRCNN",
      "mAP": 0.8515861940626167,
      "recall": 0.3143195305986003,
      "precision": 0.8270210409745293,
      "time": 563.1910910606384
    }
  ]
}