{
  "finalStatistics": [
    {
      "alghorithmName": "maskRCNN",
      "mAP": 0.8663624549858899,
      "recall": 0.3050994225412829,
      "precision": 1.0,
      "time": 473.1124839782715
    }
  ]
}