{
  "finalStatistics": [
    {
      "alghorithmName": "ssd",
      "mAP": 0.08476265680267306,
      "recall": 0.1279607988910314,
      "precision": 0.16629207355951525,
      "time": 50.34192705154419
    }
  ]
}