{
  "finalStatistics": [
    {
      "alghorithmName": "ssd",
      "mAP": 0.7173062687970135,
      "recall": 0.5333948028715472,
      "precision": 0.7575153528641898,
      "time": 45.8626868724823
    }
  ]
}