{
  "finalStatistics": [
    {
      "alghorithmName": "yolo",
      "mAP": 0.6568514105178447,
      "recall": 0.6947512758559269,
      "precision": 0.9215288264706867,
      "time": 48.34592318534851
    }
  ]
}