{"finalStatistics": [{"alghorithmName": "maskRCNN", "mAP": 0.8243605910103625, "recall": 0.8489022605301674, "precision": 0.9785101849055335, "time": 474.87748289108276}]}