{
  "finalStatistics": [
    {
      "alghorithmName": "maskRCNN",
      "avgIoU": 0.8243605910103625,
      "mAP": 0.0,
      "recall": 0.8489022605301674,
      "precision": 0.9785101849055335
    }
  ]
}