{
  "finalStatistics": [
    {
      "alghorithmName": "ssd",
      "mAP": 0.721049492814437,
      "recall": 0.5899777548033365,
      "precision": 0.5907556533753525,
      "time": 45.73329997062683
    }
  ]
}