{"finalStatistics": [{"alghorithmName": "yolo", "mAP": 0.6216900914438991, "recall": 0.9761081295965015, "precision": 0.7545428561646427, "time": 53.055728912353516}]}