{"finalStatistics": [{"alghorithmName": "yolo", "mAP": 0.657747306318875, "recall": 0.9828352848701685, "precision": 0.7589897658441105, "time": 48.53563117980957}]}